{
  "project_info": {
    "project_number": "480232869175",
    "project_id": "gestao-de-contatos",
    "storage_bucket": "gestao-de-contatos.appspot.com"
  },
  "client": [
    {
      "client_info": {
        "mobilesdk_app_id": "1:480232869175:android:4efab8e84492b53afb9eb2",
        "android_client_info": {
          "package_name": "com.example.gestao_de_contatos_secondscreen"
        }
      },
      "oauth_client": [],
      "api_key": [
        {
          "current_key": "AIzaSyBMZ6xaLPU4IlV1swownTr-bUlH_MjB-kU"
        }
      ],
      "services": {
        "appinvite_service": {
          "other_platform_oauth_client": []
        }
      }
    }
  ],
  "configuration_version": "1"
}